"","Study_No","No of arms","Study_year","Drug","Dose_range","No_randomised","Responders","Dropouts_total","Dropouts_sideeffects","N compimputed","Mean","SD","hayasaka_ddd","ddd","jakubovski_ddd","meps_ddd","Dose_delivered_mean","type","logRR","selogRR","logRRdrop","selogRRdrop","logRRdropAE","selogRRdropAE","exc","excdrop","excdropAE"
"placebo",1,3,2001,"placebo","Licensed",149,69,40,4,147,15.9,8.6,0,0,0,0,0,"cc",0,NA,0,NA,0,NA,FALSE,FALSE,FALSE
"fluoxetine",1,3,2001,"fluoxetine","Licensed",137,77,19,3,133,13.3,7.6,20,20,20,20,20,"cc",0.193664297373759,0.116056396382257,-0.660475094830162,0.252231836766104,-0.203716692334447,0.754534726745143,FALSE,FALSE,FALSE
"placebo1",2,3,2001,"placebo","Licensed",137,63,22,5,137,13.8,8,0,0,0,0,0,"cc",0,NA,0,NA,0,NA,FALSE,FALSE,FALSE
"paroxetine",2,3,2001,"paroxetine","Licensed",138,74,22,6,137,12.2,8.1,23.6,20,20,20.4,20,"cc",0.153657607483557,0.121823160778,-0.00727275932907981,0.276339363870774,0.175048797464875,0.593397859603555,FALSE,FALSE,FALSE
"placebo2",7,3,2002,"placebo","Licensed",158,91,21,4,158,13.4,8.4,0,0,0,0,0,"cc",0,NA,0,NA,0,NA,FALSE,FALSE,FALSE
"fluoxetine1",7,3,2002,"fluoxetine","Licensed",148,89,17,7,146,12.5,7.4,20,20,20,20,20,"cc",0.0431596224781414,0.0955986159124878,-0.145926334404355,0.305543297013705,0.624998547198275,0.616255849608209,FALSE,FALSE,FALSE
"placebo3",21,5,NA,"placebo","Licensed",139,63,35,9,136,15.34,8.87,0,0,0,0,0,"cc",0,NA,0,NA,0,NA,FALSE,FALSE,FALSE
"paroxetine1",21,5,NA,"paroxetine","Licensed",147,81,34,10,144,13.09,8.37,23.6,20,20,20.4,20,"cc",0.195355774632861,0.119254891692583,-0.0849461905212968,0.209728938357488,0.0494018620097819,0.443975388302504,FALSE,FALSE,FALSE
"placebo4",85,3,NA,"placebo","Licensed",89,42,21,NA,88,-15.95,13.22,0,0,0,0,0,"cc",0,NA,0,NA,0,NA,FALSE,FALSE,TRUE
"citalopram.194",85,3,NA,"citalopram","Licensed",88,48,23,NA,88,-17.94,12.91,20,20,12,24.6,20,"cc",0.144830947878456,0.148469746827564,0.10227133345966,0.26172068521383,NA,NA,FALSE,FALSE,TRUE
"citalopram.195",85,3,NA,"citalopram","Licensed",97,50,23,NA,97,-16.04,13.53,40,40,24,49.2,40,"cc",0.0882787783735347,0.149212232751972,0.00489716943448369,0.263727274057724,NA,NA,FALSE,FALSE,TRUE
"placebo5",86,3,1992,"placebo","Licensed",66,28,20,2,64,-10.56,7.76,0,0,0,0,0,"cc",0,NA,0,NA,0,NA,FALSE,FALSE,FALSE
"citalopram.197",86,3,1992,"citalopram","Licensed",70,32,19,3,68,-11.51,7.76,20,20,12,24.6,20,"cc",0.0746908926015892,0.19371901372105,-0.110133794410484,0.270544542562106,0.346624608085231,0.896602533955879,FALSE,FALSE,FALSE
"citalopram.198",86,3,1992,"citalopram","Licensed",64,35,15,3,61,-13.31,9.82,40,40,24,49.2,40,"cc",0.253915209980963,0.183055180571868,-0.256910413785027,0.293070216015124,0.436236766774918,0.895855355613739,FALSE,FALSE,FALSE
"placebo6",87,4,1999,"placebo","Licensed",129,42,41,8,124,-9.31,7.46,0,0,0,0,0,"cc",0,NA,0,NA,0,NA,FALSE,FALSE,FALSE
"citalopram.200",87,4,1999,"citalopram","Licensed",130,61,39,21,128,-9.94,7.51,20,20,12,24.6,20,"cc",0.365482199796033,0.1573490411654,-0.0577324666685717,0.185975869043973,0.957358849949677,0.396452773911652,FALSE,FALSE,FALSE
"citalopram.201",87,4,1999,"citalopram","Licensed",131,80,39,21,120,-12.22,7.44,40,40,24,49.2,40,"cc",0.628972097551034,0.144651298088777,-0.0653953394141408,0.186133671786458,0.949695977204108,0.396526823617636,FALSE,FALSE,FALSE
"citalopram.202",87,4,1999,"citalopram","High",129,73,50,21,110,-12.05,7.43,60,60,36,73.8,60,"cc",0.552789822865023,0.148338390100196,0.198450938723838,0.169959900957393,0.965080896043587,0.396377561991159,FALSE,FALSE,FALSE
"placebo7",97,2,2004,"placebo","Licensed",8,NA,NA,NA,NA,NA,NA,0,0,0,0,0,"cc",0,NA,0,NA,0,NA,TRUE,TRUE,TRUE
"citalopram",97,2,2004,"citalopram","Licensed",8,NA,NA,NA,NA,NA,NA,20,20,12,24.6,20,"cc",NA,NA,NA,NA,NA,NA,TRUE,TRUE,TRUE
"placebo8",100,2,2006,"placebo","Licensed",130,51,8,3,130,13,6.9,0,0,0,0,0,"cc",0,NA,0,NA,0,NA,FALSE,FALSE,FALSE
"citalopram1",100,2,2006,"citalopram","Licensed",127,71,6,2,127,10.3,6.4,20,20,12,24.6,20,"cc",0.354201608313981,0.134632933337907,-0.26433470845479,0.525452512817598,-0.382117744111173,0.904304710754618,FALSE,FALSE,FALSE
"placebo9",120,3,2001,"placebo","Licensed",75,28,31,NA,72,-7.1,6.96,0,0,0,0,0,"cc",0,NA,0,NA,0,NA,FALSE,FALSE,TRUE
"fluoxetine2",120,3,2001,"fluoxetine","Licensed",37,15,14,NA,37,-7.63,7,20,20,20,20,20,"cc",0.0824158918190921,0.249039338299378,-0.0883596739778015,0.251647125126317,NA,NA,FALSE,FALSE,TRUE
"placebo10",121,4,2001,"placebo","Licensed",90,24,29,3,89,-4.78,6.41510717,0,0,0,0,0,"cc",0,NA,0,NA,0,NA,FALSE,FALSE,FALSE
"paroxetine2",121,4,2001,"paroxetine","Licensed",89,38,31,10,87,-7.4,6.435891547,23.6,20,20,20.4,20,"cc",0.470705629976565,0.213624413335789,0.0778646750967974,0.210698260480545,1.21514610492406,0.641082106415428,FALSE,FALSE,FALSE
"placebo11",122,4,2001,"placebo","Licensed",89,27,37,10,88,-4.99,7.598473531,0,0,0,0,0,"cc",0,NA,0,NA,0,NA,FALSE,FALSE,FALSE
"paroxetine3",122,4,2001,"paroxetine","Licensed",87,34,38,10,84,-6.22,7.51542414,23.6,20,20,20.4,20,"cc",0.253251909689388,0.209089918009397,0.0493964981597174,0.174964592335044,0.0227282510775561,0.421034193469197,FALSE,FALSE,FALSE
"placebo12",125,4,2004,"placebo","Licensed",93,41,18,3,93,-8.07,5.496880934,0,0,0,0,0,"cc",0,NA,0,NA,0,NA,FALSE,FALSE,FALSE
"paroxetine4",125,4,2004,"paroxetine","Licensed",86,63,10,3,85,-10.83,5.531726674,23.6,20,20,20.4,20,"cc",0.507814856586973,0.133726080577678,-0.509534468002371,0.364931446174166,0.0782521968997481,0.80267432469083,FALSE,FALSE,FALSE
"placebo13",129,3,2005,"placebo","Licensed",137,50,40,8,137,-5.97,6.79,0,0,0,0,0,"cc",0,NA,0,NA,0,NA,FALSE,FALSE,FALSE
"escitalopram",129,3,2005,"escitalopram","Licensed",274,121,66,14,274,-7.22,6.62,22.2,20,12,25.2,10,"cc",0.19062035960865,0.131588592592323,-0.192371892647456,0.170887711793523,-0.133531392624523,0.430673503154167,FALSE,FALSE,FALSE
"placebo14",131,4,2006,"placebo","Licensed",99,51,9,1,99,-10.13,5.571929648,0,0,0,0,0,"cc",0,NA,0,NA,0,NA,FALSE,FALSE,FALSE
"paroxetine5",131,4,2006,"paroxetine","Licensed",97,59,11,1,97,-10.61,5.712337525,23.6,20,20,20.4,20,"cc",0.166120682812601,0.127069694373215,0.221079567093358,0.426157146565298,0.020408871631207,1.40697893074078,FALSE,FALSE,FALSE
"placebo15",147,2,2002,"placebo","Licensed",189,79,29,2,189,16.7,9.1,0,0,0,0,0,"cc",0,NA,0,NA,0,NA,FALSE,FALSE,FALSE
"escitalopram1",147,2,2002,"escitalopram","Licensed",191,104,31,9,188,14.3,9.1,22.2,20,12,25.2,10,"cc",0.264416633687364,0.108383601519048,0.0561649615116847,0.237095372691186,1.49355098378929,0.774973872931123,FALSE,FALSE,FALSE
"placebo16",158,3,2006,"placebo","Licensed",135,43,30,4,130,-10.8,9.24,0,0,0,0,0,"cc",0,NA,0,NA,0,NA,FALSE,FALSE,FALSE
"escitalopram3",158,3,2006,"escitalopram","Extremely low",138,56,32,6,131,-13.2,9.16,8.88,8,4.8,10.08,4,"cc",0.242172668322812,0.162662757236036,0.0425596144187959,0.223449209249735,0.383486201389389,0.634044858387532,FALSE,FALSE,FALSE
"placebo17",167,3,2011,"placebo","Licensed",105,66,19,5,100,9.3,6.6,0,0,0,0,0,"cc",0,NA,0,NA,0,NA,FALSE,FALSE,FALSE
"escitalopram.400",167,3,2011,"escitalopram","Licensed",100,68,13,2,96,8.7,6.5,22.2,20,12,25.2,10,"cc",0.0786431273191133,0.10165425707095,-0.330699457535472,0.331708978393163,-0.867500567704723,0.824909807479697,FALSE,FALSE,FALSE
"escitalopram.399",167,3,2011,"escitalopram","Licensed",105,65,23,14,101,9.9,7.7,44.4,40,24,50.4,20,"cc",-0.0152674721307884,0.10718447410195,0.191055236762709,0.277600829914672,1.02961941718116,0.502375310282017,FALSE,FALSE,FALSE
"placebo18",168,4,2011,"placebo","Licensed",124,45,21,3,124,18.3,10.1,0,0,0,0,0,"cc",0,NA,0,NA,0,NA,FALSE,FALSE,FALSE
"escitalopram.403",168,4,2011,"escitalopram","Licensed",121,60,16,5,120,15.6,11,22.2,20,12,25.2,10,"cc",0.312173092460077,0.150199567076404,-0.247442695475346,0.306251642738611,0.535316643774287,0.719030148459982,FALSE,FALSE,FALSE
"escitalopram.404",168,4,2011,"escitalopram","Licensed",119,55,16,7,119,16.2,10.1,44.4,40,24,50.4,20,"cc",0.241828767955659,0.154713163403992,-0.230775642990134,0.306024786815509,0.888455932880711,0.678028464532947,FALSE,FALSE,FALSE
"placebo19",171,2,2008,"placebo","Licensed",71,33,21,1,71,-13.4,9.27,0,0,0,0,0,"cc",0,NA,0,NA,0,NA,FALSE,FALSE,FALSE
"escitalopram5",171,2,2008,"escitalopram","Licensed",140,97,12,2,140,-19,10.65,44.4,40,24,50.4,20,"cc",0.399240871468914,0.139229826073421,-1.23857833350341,0.331247666810304,0.0141846349919564,1.21604795785976,FALSE,FALSE,FALSE
"placebo20",173,2,2008,"placebo","Licensed",106,NA,NA,3,NA,NA,NA,0,0,0,0,0,"cc",0,NA,0,NA,0,NA,TRUE,TRUE,FALSE
"escitalopram6",173,2,2008,"escitalopram","Licensed",103,NA,NA,9,NA,NA,NA,22.2,20,12,25.2,10,"cc",NA,NA,NA,NA,1.12732239455054,0.652151626783385,TRUE,TRUE,FALSE
"placebo21",174,2,2007,"placebo","Licensed",76,22,26,4,71,-7.7,7.57,0,0,0,0,0,"cc",0,NA,0,NA,0,NA,FALSE,FALSE,FALSE
"escitalopram7",174,2,2007,"escitalopram","Licensed",84,30,24,3,81,-9.27,7.53,22.2,20,12,25.2,10,"cc",0.210071469746857,0.231787018933923,-0.180126166230519,0.234660496220819,-0.387765531008763,0.747175131205348,FALSE,FALSE,FALSE
"placebo22",175,2,2009,"placebo","Licensed",99,31,14,3,94,-9.15,7.85,0,0,0,0,0,"cc",0,NA,0,NA,0,NA,FALSE,FALSE,FALSE
"escitalopram8",175,2,2009,"escitalopram","Licensed",50,14,7,2,49,-9.84,6.93,44.4,40,24,50.4,20,"cc",-0.111833030163444,0.271266706109855,-0.0100503358535013,0.429167454712848,0.27763173659828,0.896232293120664,FALSE,FALSE,FALSE
"placebo23",176,3,2009,"placebo","Licensed",220,54,53,7,215,-8.5,8.8,0,0,0,0,0,"cc",0,NA,0,NA,0,NA,FALSE,FALSE,FALSE
"escitalopram.420",176,3,2009,"escitalopram","Licensed",325,116,77,16,319,-11.5,8.93,22.2,20,12,25.2,10,"cc",0.374408508564714,0.139702650480631,-0.0166841276758139,0.155668108143374,0.436480937207092,0.444673773945311,FALSE,FALSE,FALSE
"escitalopram.421",176,3,2009,"escitalopram","High",332,123,93,23,318,-11.6,10.7,62.16,56,33.6,70.56,28,"cc",0.411692886244016,0.138170536226454,0.150800157037007,0.148536561028318,0.778076644309709,0.422821358245397,FALSE,FALSE,FALSE
"placebo24",180,4,NA,"placebo","Licensed",56,21,19,5,56,-5.82,8.45,0,0,0,0,0,"cc",0,NA,0,NA,0,NA,FALSE,FALSE,FALSE
"fluoxetine.431",180,4,NA,"fluoxetine","Licensed",107,41,37,8,103,-6.23,8.45,20,20,20,20,20,"cc",0.0215724852541278,0.211675114909194,0.0190017897510269,0.229032025543873,-0.177473514481021,0.545707854763273,FALSE,FALSE,FALSE
"fluoxetine.430",180,4,NA,"fluoxetine","Licensed",105,39,43,21,99,-6.04,8.45,40,40,40,40,40,"cc",-0.00956945101615067,0.214194119618445,0.188152477104748,0.220241777417238,0.806475865866949,0.469295317724453,FALSE,FALSE,FALSE
"fluoxetine.429",180,4,NA,"fluoxetine","Licensed",104,34,51,24,97,-5.39,8.45,60,60,60,60,60,"cc",-0.137201121513485,0.222616901542543,0.368347445151662,0.211581886304324,0.949576709507622,0.462811126912631,FALSE,FALSE,FALSE
"placebo25",181,4,NA,"placebo","Licensed",48,11,21,6,48,-5.69,8.65,0,0,0,0,0,"cc",0,NA,0,NA,0,NA,FALSE,FALSE,FALSE
"fluoxetine.435",181,4,NA,"fluoxetine","Licensed",100,37,38,8,97,-9.78,8.47,20,20,20,20,20,"cc",0.479053464765653,0.295131808863065,-0.140905453077238,0.207609016565752,-0.446287102628419,0.510718448201485,FALSE,FALSE,FALSE
"fluoxetine.434",181,4,NA,"fluoxetine","Licensed",103,37,41,12,97,-9.58,8.44,40,40,40,40,40,"cc",0.449494662524109,0.295624841207073,-0.0944783483408601,0.203635017430882,-0.0703807967617995,0.468463369755405,FALSE,FALSE,FALSE
"fluoxetine.433",181,4,NA,"fluoxetine","Licensed",105,30,58,30,103,-7.2,9.03,60,60,60,60,60,"cc",0.220542769614152,0.306407051787783,0.233161233573364,0.185750596425017,0.826678573184468,0.411877235523957,FALSE,FALSE,FALSE
"placebo26",205,2,1994,"placebo","Licensed",43,17,10,0,43,-8.52,7.76,0,0,0,0,0,"cc",0,NA,0,NA,0,NA,FALSE,FALSE,FALSE
"fluoxetine4",205,2,1994,"fluoxetine","Licensed",46,25,14,2,45,-12.3,7.76,20,20,20,20,20,"cc",0.318221200016452,0.232009881305719,0.26903095582568,0.355575065267941,1.54274653793543,1.53476581858888,FALSE,FALSE,FALSE
"placebo27",206,2,1995,"placebo","Licensed",32,13,NA,1,32,10.7,7.1,0,0,0,0,0,"cc",0,NA,0,NA,0,NA,FALSE,TRUE,FALSE
"fluoxetine5",206,2,1995,"fluoxetine","Licensed",36,23,NA,2,36,8.4,6.8,20,20,20,20,20,"cc",0.452761822811229,0.24773687657445,NA,NA,0.575364144903562,1.20040502424066,FALSE,TRUE,FALSE
"placebo28",208,2,1995,"placebo","Licensed",72,10,9,4,70,-6.4,6.7,0,0,0,0,0,"cc",0,NA,0,NA,0,NA,FALSE,FALSE,FALSE
"fluoxetine6",208,2,1995,"fluoxetine","Licensed",72,14,12,3,72,-8.6,6.3,20,20,20,20,20,"cc",0.336472236621213,0.379012920163408,0.287682072451781,0.408248290463863,-0.287682072451781,0.74535599249993,FALSE,FALSE,FALSE
"placebo29",213,2,2000,"placebo","Licensed",35,9,12,4,35,NA,NA,0,0,0,0,0,"cc",0,NA,0,NA,0,NA,FALSE,FALSE,FALSE
"fluoxetine7",213,2,2000,"fluoxetine","Licensed",35,17,5,1,35,NA,NA,20,20,20,20,20,"cc",0.635988766719997,0.33584487993718,-0.8754687373539,0.475594865605671,-1.38629436111989,1.09217999563128,FALSE,FALSE,FALSE
"placebo30",216,2,2004,"placebo","Licensed",10,3,NA,NA,10,14,8.59,0,0,0,0,0,"cc",0,NA,0,NA,0,NA,FALSE,TRUE,TRUE
"fluoxetine8",216,2,2004,"fluoxetine","Licensed",10,6,NA,NA,10,6,8.59,20,20,20,20,20,"cc",0.693147180559945,0.547722557505166,NA,NA,NA,NA,FALSE,TRUE,TRUE
"placebo31",217,2,2010,"placebo","Licensed",14,NA,NA,NA,NA,NA,NA,0,0,0,0,0,"cc",0,NA,0,NA,0,NA,TRUE,TRUE,TRUE
"fluoxetine9",217,2,2010,"fluoxetine","Licensed",14,NA,NA,NA,NA,NA,NA,20,20,20,20,20,"cc",NA,NA,NA,NA,NA,NA,TRUE,TRUE,TRUE
"placebo32",219,3,2013,"placebo","Licensed",260,72,14,3,259,-6.91,7.89,0,0,0,0,0,"cc",0,NA,0,NA,0,NA,FALSE,FALSE,FALSE
"fluoxetine.512",219,3,2013,"fluoxetine","Licensed",169,40,15,8,168,-6.18,7.39,20,20,20,20,20,"cc",-0.157003748809665,0.170662167100449,0.499775787579406,0.358234454632397,1.41161216910418,0.669753700791467,FALSE,FALSE,FALSE
"fluoxetine.513",219,3,2013,"fluoxetine","Licensed",84,15,7,4,83,-6.25,7.02,40,40,40,40,40,"cc",-0.438751085741631,0.25456755450104,0.436717651612269,0.445572439155294,1.417546904624,0.753380659150749,FALSE,FALSE,FALSE
"placebo33",220,2,2005,"placebo","Licensed",43,15,22,0,43,12.6,6.4,0,0,0,0,0,"cc",0,NA,0,NA,0,NA,FALSE,FALSE,FALSE
"fluoxetine10",220,2,2005,"fluoxetine","Licensed",47,15,23,2,47,13.3,7.3,20,20,20,20,20,"cc",-0.0889474860164962,0.29799483826933,-0.0444957234456624,0.210714016206662,1.52146913948814,1.53491330786919,FALSE,FALSE,FALSE
"placebo34",221,2,2005,"placebo","Licensed",58,23,6,2,55,15.5,6.7,0,0,0,0,0,"cc",0,NA,0,NA,0,NA,FALSE,FALSE,FALSE
"fluoxetine11",221,2,2005,"fluoxetine","Licensed",57,20,9,4,54,14.9,8.4,20,20,20,20,20,"cc",-0.12237019966329,0.242266427534022,0.422856850820033,0.492942733812266,0.710538923271815,0.845703707595357,FALSE,FALSE,FALSE
"placebo35",222,2,2005,"placebo","Licensed",26,11,NA,NA,26,10.6,8.04,0,0,0,0,0,"cc",0,NA,0,NA,0,NA,FALSE,TRUE,TRUE
"fluoxetine12",222,2,2005,"fluoxetine","Licensed",20,11,NA,NA,20,6.6,5.1,20,20,20,20,20,"cc",0.262364264467491,0.305543193929505,NA,NA,NA,NA,FALSE,TRUE,TRUE
"placebo39",322,3,NA,"placebo","Licensed",NA,NA,NA,NA,NA,NA,NA,0,0,0,0,0,"cc",0,NA,0,NA,0,NA,TRUE,TRUE,TRUE
"fluoxetine14",322,3,NA,"fluoxetine","Licensed",NA,NA,NA,NA,NA,NA,NA,20,20,20,20,20,"cc",NA,NA,NA,NA,NA,NA,TRUE,TRUE,TRUE
"placebo40",332,2,1986,"placebo","Licensed",10,5,4,1,10,15.6,5.61,0,0,0,0,0,"cc",0,NA,0,NA,0,NA,FALSE,FALSE,FALSE
"paroxetine6",332,2,1986,"paroxetine","Licensed",19,12,7,6,19,13.7,5.61,35.4,30,30,30.6,30,"cc",0.233614851181505,0.36152697601419,-0.0822380982369722,0.490128109691512,1.14990558305566,1.00699309219046,FALSE,FALSE,FALSE
"placebo41",347,2,1988,"placebo","Licensed",25,5,5,NA,22,-6.2,7.2,0,0,0,0,0,"cc",0,NA,0,NA,0,NA,FALSE,FALSE,TRUE
"paroxetine7",347,2,1988,"paroxetine","Licensed",22,3,10,NA,19,-6,5.9,35.4,30,30,30.6,30,"cc",-0.382992252256106,0.669237467479809,0.82098055206983,0.463190516467527,NA,NA,FALSE,FALSE,TRUE
"placebo42",360,5,1992,"placebo","Licensed",53,20,19,2,51,-9.25,8.45,0,0,0,0,0,"cc",0,NA,0,NA,0,NA,FALSE,FALSE,FALSE
"paroxetine.826",360,5,1992,"paroxetine","Extremely low",105,30,34,11,100,-8.01,8.45,11.8,10,10,10.2,10,"cc",-0.278203328497237,0.234396244170469,-0.10174689115568,0.231628171000721,1.02107965563302,0.750011571148725,FALSE,FALSE,FALSE
"paroxetine.827",360,5,1992,"paroxetine","Licensed",106,48,41,16,104,-11.37,8.45,23.6,20,20,20.4,20,"cc",0.182321556793955,0.206231536242352,0.0759859069779223,0.220725929734942,1.38629436111989,0.730888577833549,FALSE,FALSE,FALSE
"paroxetine.828",360,5,1992,"paroxetine","Licensed",104,45,44,24,99,-9.98,8.45,35.4,30,30,30.6,30,"cc",0.136831230627078,0.209138502142804,0.16565166916257,0.216507603864055,1.81080766419875,0.716368171768526,FALSE,FALSE,FALSE
"paroxetine.829",360,5,1992,"paroxetine","Licensed",106,42,41,18,100,-9.9,8.45,47.2,40,40,40.8,40,"cc",0.048790164169432,0.213325190770033,0.0759859069779223,0.220725929734942,1.50407739677627,0.726122351097322,FALSE,FALSE,FALSE
"placebo43",365,2,1989,"placebo","Licensed",21,3,14,3,20,-4.5,8.8,0,0,0,0,0,"cc",0,NA,0,NA,0,NA,FALSE,FALSE,FALSE
"paroxetine8",365,2,1989,"paroxetine","Licensed",21,7,10,2,21,-8.8,10.5,35.4,30,30,30.6,30,"cc",0.847297860387204,0.617213399848368,-0.336472236621213,0.276026223736942,-0.405465108108164,0.859124692984225,FALSE,FALSE,FALSE
"placebo44",377,2,1998,"placebo","Licensed",70,20,NA,6,64,-9.5,8.16,0,0,0,0,0,"cc",0,NA,0,NA,0,NA,FALSE,TRUE,FALSE
"paroxetine9",377,2,1998,"paroxetine","Licensed",72,33,NA,14,68,-13,7.15,23.6,20,20,20.4,20,"cc",0.472604410945793,0.228316506473858,NA,NA,0.819126983420507,0.458170966911518,FALSE,TRUE,FALSE
"placebo45",382,3,2002,"placebo","Licensed",149,72,36,6,142,-10,7.15,0,0,0,0,0,"cc",0,NA,0,NA,0,NA,FALSE,FALSE,FALSE
"paroxetine.881",382,3,2002,"paroxetine","Extremely low",156,82,29,1,151,-11.7,7.13,14.75,12.5,12.5,12.75,12.5,"cc",0.0841434269441199,0.11385229481165,-0.262132809773714,0.221672890972798,-1.83766917053213,1.07403212282521,FALSE,FALSE,FALSE
"paroxetine.882",382,3,2002,"paroxetine","Licensed",154,91,44,10,143,-12.4,7.17,29.5,25,25,25.5,25,"cc",0.201187091032625,0.108041584533087,0.167664398993981,0.193132427664468,0.477819327297821,0.503449849316878,FALSE,FALSE,FALSE
"placebo46",385,2,2003,"placebo","Licensed",125,59,40,3,118,-10.9,7.8,0,0,0,0,0,"cc",0,NA,0,NA,0,NA,FALSE,FALSE,FALSE
"paroxetine10",385,2,2003,"paroxetine","Licensed",125,57,64,13,117,-11.1,7.9,23.6,20,20,20.4,20,"cc",-0.0344861760711692,0.135989014966267,0.470003629245736,0.156923548264752,1.46633706879343,0.627898407591873,FALSE,FALSE,FALSE
"placebo47",386,3,2004,"placebo","Licensed",180,71,53,13,178,-8.85,8.05,0,0,0,0,0,"cc",0,NA,0,NA,0,NA,FALSE,FALSE,FALSE
"paroxetine.889",386,3,2004,"paroxetine","Extremely low",168,83,39,10,161,-10.65,7.98,14.75,12.5,12.5,12.75,12.5,"cc",0.225153602242234,0.120932887608795,-0.237737395935524,0.181661811235579,-0.19337139298054,0.406712601741255,FALSE,FALSE,FALSE
"paroxetine.890",386,3,2004,"paroxetine","Licensed",177,100,39,14,173,-12.11,8,29.5,25,25,25.5,25,"cc",0.359297427263157,0.11348671275781,-0.289923149106094,0.182492950821799,0.0909150904701033,0.37033278990925,FALSE,FALSE,FALSE
"placebo48",392,2,2012,"placebo","Licensed",156,97,41,3,156,-14.95,10.23,0,0,0,0,0,"cc",0,NA,0,NA,0,NA,FALSE,FALSE,FALSE
"paroxetine11",392,2,2012,"paroxetine","Licensed",166,136,38,10,166,-19.11,10.3,35.4,30,30,30.6,30,"cc",0.275812126125663,0.0723039883491047,-0.138117688084928,0.195631491790879,1.14184102321893,0.648767277640862,FALSE,FALSE,FALSE
"placebo49",393,2,1991,"placebo","Licensed",4,NA,1,1,NA,NA,NA,0,0,0,0,0,"cc",0,NA,0,NA,0,NA,TRUE,FALSE,FALSE
"paroxetine12",393,2,1991,"paroxetine","Licensed",4,NA,1,1,NA,NA,NA,35.4,30,30,30.6,30,"cc",NA,NA,0,1.22474487139159,0,1.22474487139159,TRUE,FALSE,FALSE
"placebo50",395,2,2003,"placebo","Licensed",155,NA,46,9,NA,NA,NA,0,0,0,0,0,"cc",0,NA,0,NA,0,NA,TRUE,FALSE,FALSE
"paroxetine13",395,2,2003,"paroxetine","Licensed",154,NA,45,11,NA,NA,NA,23.6,20,20,20.4,20,"cc",NA,NA,-0.0155063922131578,0.176114261944547,0.207143209967768,0.434827647032097,TRUE,FALSE,FALSE
"placebo51",396,2,2003,"placebo","Licensed",145,NA,45,8,NA,NA,NA,0,0,0,0,0,"cc",0,NA,0,NA,0,NA,TRUE,FALSE,FALSE
"paroxetine14",396,2,2003,"paroxetine","Licensed",143,NA,43,14,NA,NA,NA,23.6,20,20,20.4,20,"cc",NA,NA,-0.0315732619160903,0.177731475711439,0.57350490009609,0.427245845750929,TRUE,FALSE,FALSE
"placebo52",397,2,2003,"placebo","Licensed",161,76,48,8,154,-14,8.87,0,0,0,0,0,"cc",0,NA,0,NA,0,NA,FALSE,FALSE,FALSE
"paroxetine15",397,2,2003,"paroxetine","Licensed",164,105,33,8,161,-17.25,8.05,23.6,20,20,20.4,20,"cc",0.304764947031457,0.101847744996236,-0.393155512281146,0.197047259652425,-0.0184620628397353,0.487535905242031,FALSE,FALSE,FALSE
"placebo53",398,2,2007,"placebo","Licensed",79,40,22,5,76,-12.75,6.97,0,0,0,0,0,"cc",0,NA,0,NA,0,NA,FALSE,FALSE,FALSE
"paroxetine16",398,2,2007,"paroxetine","Licensed",80,54,16,7,79,-16.1,7.4,23.6,20,20,20.4,20,"cc",0.287525810243478,0.135500150075257,-0.331032513325395,0.287743492726498,0.323893454414353,0.563647864370159,FALSE,FALSE,FALSE
"placebo54",439,2,2007,"placebo","Licensed",50,35,15,NA,50,14,10.7,0,0,0,0,0,"cc",0,NA,0,NA,0,NA,FALSE,FALSE,TRUE
"sertraline",439,2,2007,"sertraline","Licensed",55,34,22,NA,55,13.7,9,82,80,34,86,200,"cc",-0.124297716677577,0.140717358898939,0.287682072451781,0.271917991202116,NA,NA,FALSE,FALSE,TRUE
"placebo55",440,2,2008,"placebo","Licensed",39,17,12,4,31,-10.18,7.57,0,0,0,0,0,"cc",0,NA,0,NA,0,NA,FALSE,FALSE,FALSE
"sertraline1",440,2,2008,"sertraline","Licensed",43,25,14,4,30,-13.42,7.61,41,40,17,43,100,"cc",0.288024011248069,0.223442811066391,0.0565122102633424,0.325369121410423,-0.0976384695639159,0.671642137157494,FALSE,FALSE,FALSE
"placebo56",441,2,2012,"placebo","Licensed",30,5,4,NA,30,24.73,8.65,0,0,0,0,0,"cc",0,NA,0,NA,0,NA,FALSE,FALSE,TRUE
"sertraline2",441,2,2012,"sertraline","Licensed",30,10,6,NA,30,21.67,13.14,20.5,20,8.5,21.5,50,"cc",0.693147180559945,0.483045891539648,0.405465108108164,0.591607978309962,NA,NA,FALSE,FALSE,TRUE
"placebo57",442,4,NA,"placebo","Licensed",26,NA,8,NA,NA,NA,NA,0,0,0,0,0,"cc",0,NA,0,NA,0,NA,TRUE,FALSE,TRUE
"sertraline.1011",442,4,NA,"sertraline","Licensed",26,NA,9,NA,NA,NA,NA,20.5,20,8.5,21.5,50,"cc",NA,NA,0.117783035656383,0.398983751784498,NA,NA,TRUE,FALSE,TRUE
"sertraline.1012",442,4,NA,"sertraline","Licensed",24,NA,10,NA,NA,NA,NA,41,40,17,43,100,"cc",NA,NA,0.303186258987746,0.380620276485364,NA,NA,TRUE,FALSE,TRUE
"sertraline.1013",442,4,NA,"sertraline","Licensed",23,NA,12,NA,NA,NA,NA,82,80,34,86,200,"cc",NA,NA,0.528067430200497,0.355518683056502,NA,NA,TRUE,FALSE,TRUE
"placebo58",443,4,NA,"placebo","Licensed",91,22,45,4,86,-7.6,7.5,0,0,0,0,0,"cc",0,NA,0,NA,0,NA,FALSE,FALSE,FALSE
"sertraline.1015",443,4,NA,"sertraline","Licensed",95,38,36,10,90,-10.6,8.6,20.5,20,8.5,21.5,50,"cc",0.503526321284379,0.224176288107697,-0.266160936397901,0.168774030056509,0.873273346790464,0.573135824409463,FALSE,FALSE,FALSE
"sertraline.1016",443,4,NA,"sertraline","Licensed",92,34,45,15,89,-9.8,8.9,41,40,17,43,100,"cc",0.424389000725655,0.230234085126476,-0.0109290705321903,0.150285954892805,1.31082676945013,0.542962328767166,FALSE,FALSE,FALSE
"sertraline.1017",443,4,NA,"sertraline","Licensed",91,27,52,33,82,-9.2,8.2,82,80,34,86,200,"cc",0.204794412646013,0.245995041644259,0.144581228811107,0.139552748002214,2.11021320034659,0.508256833033269,FALSE,FALSE,FALSE
"placebo59",444,4,NA,"placebo","Licensed",34,NA,8,NA,NA,NA,NA,0,0,0,0,0,"cc",0,NA,0,NA,0,NA,TRUE,FALSE,TRUE
"sertraline.1019",444,4,NA,"sertraline","Licensed",33,NA,10,NA,NA,NA,NA,20.5,20,8.5,21.5,50,"cc",NA,NA,0.252996514463891,0.406552831734188,NA,NA,TRUE,FALSE,TRUE
"sertraline.1020",444,4,NA,"sertraline","Licensed",35,NA,10,NA,NA,NA,NA,41,40,17,43,100,"cc",NA,NA,0.194156014440957,0.408676897711002,NA,NA,TRUE,FALSE,TRUE
"sertraline.1021",444,4,NA,"sertraline","Licensed",37,NA,10,NA,NA,NA,NA,82,80,34,86,200,"cc",NA,NA,0.138586163286147,0.410562063843082,NA,NA,TRUE,FALSE,TRUE
"placebo66",523,5,NA,"placebo","Licensed",99,42,NA,NA,99,-10.2,7.96,0,0,0,0,0,"cc",0,NA,0,NA,0,NA,FALSE,TRUE,TRUE
"fluoxetine15",523,5,NA,"fluoxetine","Licensed",92,43,NA,NA,92,-11.1,7.67,20,20,20,20,20,"cc",0.0968617704957437,0.161538733573749,NA,NA,NA,NA,FALSE,TRUE,TRUE
"placebo67",524,4,NA,"placebo","Licensed",129,54,NA,NA,128,13.1,7.52,0,0,0,0,0,"cc",0,NA,0,NA,0,NA,FALSE,TRUE,TRUE
"citalopram3",524,4,NA,"citalopram","Licensed",117,53,NA,NA,115,12.3,7.52,20,20,12,24.6,20,"cc",0.0789463365517634,0.145215345316243,NA,NA,NA,NA,FALSE,TRUE,TRUE
"placebo68",528,4,2013,"placebo","Licensed",290,125,80,7,281,-14.31,9.96,0,0,0,0,0,"cc",0,NA,0,NA,0,NA,FALSE,FALSE,FALSE
"citalopram4",528,4,2013,"citalopram","Licensed",289,151,89,17,280,-16.5,9.96,40,40,24,49.2,40,"cc",0.192420334380711,0.0878295683797073,0.110063969926346,0.129720744608,0.89075742986899,0.441330022539122,FALSE,FALSE,FALSE
"placeborep.1",139001,4,2000,"placebo","Licensed",64,16,36,3,119,-7.6,8.73,0,0,0,0,0,"cc",0,NA,0,NA,0,NA,FALSE,FALSE,FALSE
"citalopram2",139001,4,2000,"citalopram","Licensed",127,48,34,11,125,-9.9,10.06,40,40,24,49.2,40,"cc",0.41330828556919,0.244610542669979,-0.742462416938868,0.183549793613691,0.613978981031341,0.633042975235009,FALSE,FALSE,FALSE
"placeborep.2",139002,4,2000,"placebo","Licensed",64,16,36,3,119,-7.6,8.73,0,0,0,0,0,"cc",0,NA,0,NA,0,NA,FALSE,FALSE,FALSE
"escitalopram.334",139002,4,2000,"escitalopram","Licensed",124,47,29,5,118,-10.2,7.6,22.2,20,12,25.2,10,"cc",0.416160397224912,0.245126660352661,-0.877621590715001,0.196395061723647,-0.150572858479374,0.713893421460305,FALSE,FALSE,FALSE
"escitalopram.335",139002,4,2000,"escitalopram","Licensed",128,55,34,13,123,-11.7,8.87,44.4,40,24,50.4,20,"cc",0.541597282432744,0.239257848736083,-0.750305594399894,0.183717289561054,0.773189888233482,0.621947674854091,FALSE,FALSE,FALSE
"placeborep.11",154001,3,2005,"placebo","Licensed",90,42,20,5,180,-15,9.96,0,0,0,0,0,"cc",0,NA,0,NA,0,NA,FALSE,FALSE,FALSE
"escitalopram2",154001,3,2005,"escitalopram","Licensed",174,78,30,17,173,-15.5,9.96,22.2,20,12,25.2,10,"cc",-0.0402064204780405,0.140612229489984,-0.253780520776099,0.257827647441931,0.564529802737852,0.491899676625094,FALSE,FALSE,FALSE
"placeborep.21",154002,3,2005,"placebo","Licensed",90,42,20,5,180,-15,9.96,0,0,0,0,0,"cc",0,NA,0,NA,0,NA,FALSE,FALSE,FALSE
"fluoxetine3",154002,3,2005,"fluoxetine","Licensed",164,61,42,20,164,-14.8,9.96,20,20,20,20,20,"cc",-0.22685251160399,0.151638696729277,0.141880587235444,0.237909335089658,0.786237603625957,0.482484536449904,FALSE,FALSE,FALSE
"citalopram.387",161001,3,2007,"citalopram","Extremely low",111,47,5,NA,106,-20.11,8.24,10,10,6,12.3,10,"cc",0,NA,0,NA,0,NA,FALSE,FALSE,TRUE
"citalopram.388",161001,3,2007,"citalopram","Licensed",110,90,2,NA,108,-25.19,8.11,20,20,12,24.6,20,"cc",0.658711904140124,0.119531538749712,-0.907240896354237,0.825772415317975,NA,NA,FALSE,FALSE,TRUE
"placeborep.12",293001,3,2001,"placebo","Licensed",36,12,21,3,59,13.2,7.73,0,0,0,0,0,"cc",0,NA,0,NA,0,NA,FALSE,FALSE,FALSE
"fluoxetine13",293001,3,2001,"fluoxetine","Licensed",210,80,42,12,179,12.3,7.08,60,60,60,60,60,"cc",0.133531392624523,0.251582294276944,-1.07044141170141,0.197202659436654,-0.377294231141468,0.619779786800912,FALSE,FALSE,FALSE
"placeborep.13",381001,5,2001,"placebo","Licensed",52,18,18,2,101,-12.1,11.05,0,0,0,0,0,"cc",0,NA,0,NA,0,NA,FALSE,FALSE,FALSE
"citalopram.878",381001,5,2001,"citalopram","Licensed",107,54,17,5,104,-15,10.2,20,20,12,24.6,20,"cc",0.377027172787631,0.213301454403812,-0.778743529720427,0.29292067414921,0.194705615993676,0.819404318011998,FALSE,FALSE,FALSE
"citalopram.879",381001,5,2001,"citalopram","Licensed",100,48,26,5,95,-15.3,10.72,40,40,24,49.2,40,"cc",0.326902785605062,0.217159203484724,-0.286201687281347,0.254531579153402,0.262364264467491,0.819005024874225,FALSE,FALSE,FALSE
"placeborep.23",381002,5,2001,"placebo","Licensed",52,18,18,2,101,-12.1,11.05,0,0,0,0,0,"cc",0,NA,0,NA,0,NA,FALSE,FALSE,FALSE
"paroxetine.877",381002,5,2001,"paroxetine","Extremely low",96,34,18,2,93,-11.9,10.61,14.75,12.5,12.5,12.75,12.5,"cc",0.0228842938335878,0.235201794984651,-0.613104472886409,0.285418421293502,-0.613104472886409,0.985064751223271,FALSE,FALSE,FALSE
"paroxetine.876",381002,5,2001,"paroxetine","Licensed",103,43,23,9,97,-13.8,10.83,29.5,25,25,25.5,25,"cc",0.187343088149189,0.223320089589354,-0.438362811615223,0.264753298997905,0.820592127128066,0.763001706430768,FALSE,FALSE,FALSE
"placeborep.14",479001,4,NA,"placebo","Licensed",42,20,24,3,81,-13.1,10.63,0,0,0,0,0,"cc",0,NA,0,NA,0,NA,FALSE,FALSE,FALSE
"paroxetine17",479001,4,NA,"paroxetine","Licensed",81,35,28,7,80,-11.26,10.55,23.6,20,20,20.4,20,"cc",-0.0971637484536477,0.205951998653956,-0.502628856561812,0.203041250880413,0.190518323998133,0.663351545840218,FALSE,FALSE,FALSE
